date,nav
2026-07-24,204.85350
2026-07-23,205.55390
2026-07-22,207.67480
2026-07-21,210.09000
2026-07-20,209.44660
2026-07-17,208.91520
2026-07-16,208.76240
2026-07-15,209.45060
2026-07-14,207.37380
2026-07-13,208.15460
2026-07-10,208.35180
2026-07-09,206.81410
2026-07-08,204.40350
2026-07-07,206.40250
2026-07-06,207.39120
2026-07-03,207.34610
2026-07-02,208.53730
2026-07-01,206.47780
2026-06-30,206.83550
2026-06-29,205.10350
2026-06-25,203.91570
2026-06-24,205.06550
2026-06-23,203.54430
2026-06-22,204.12630
2026-06-19,202.07610
2026-06-18,200.95650
2026-06-17,199.83020
2026-06-16,198.61520
2026-06-15,198.03200
2026-06-12,196.55770
2026-06-11,192.67220
2026-06-10,193.43710
2026-06-09,194.38130
2026-06-08,191.90920
2026-06-05,194.75470
2026-06-04,194.52200
2026-06-03,194.08100
2026-06-02,193.12950
2026-06-01,192.31950
2026-05-31,193.68360
2026-05-29,193.68480
2026-05-27,195.05010
2026-05-26,194.22580
2026-05-25,193.55990
2026-05-22,192.12270
2026-05-21,191.75750
2026-05-20,189.86610
2026-05-19,189.55530
2026-05-18,187.91260
2026-05-15,190.24050
2026-05-14,189.93450
2026-05-13,190.46400
2026-05-12,190.61520
2026-05-11,195.58600
2026-05-08,196.88210
2026-05-07,197.47530
2026-05-06,196.00360
2026-05-05,194.56180
2026-05-04,195.44690
2026-04-30,193.41310
2026-04-29,194.15230
2026-04-28,193.48430
2026-04-27,193.83170
2026-04-24,191.04250
2026-04-23,193.03170
2026-04-22,194.19280
2026-04-21,192.63970
2026-04-20,191.05830
2026-04-17,190.52420
2026-04-16,188.33160
2026-04-15,187.27860
2026-04-13,184.34910
2026-04-10,184.69670
2026-04-09,181.24550
2026-04-08,180.57830
2026-04-07,174.83420
2026-04-06,174.91510
2026-04-02,173.84710
2026-04-01,173.78200
2026-03-31,169.37060
2026-03-30,169.37080
2026-03-27,172.47390
2026-03-25,175.42110
2026-03-24,172.00490
2026-03-23,169.10910
2026-03-20,174.62050
2026-03-19,173.90040
2026-03-18,177.49080
2026-03-17,174.06280
2026-03-16,173.81980
2026-03-13,173.97540
2026-03-12,177.98880
2026-03-11,178.38910
2026-03-10,178.84190
2026-03-09,175.77420
2026-03-06,178.97840
2026-03-05,179.32390
2026-03-04,177.99610
2026-03-02,181.31750
2026-02-28,184.75790
2026-02-27,184.75810
2026-02-26,186.09500
2026-02-25,186.04880
2026-02-24,186.20800
2026-02-23,187.57210
2026-02-20,186.22280
2026-02-19,186.66660
2026-02-18,188.21280
2026-02-17,187.64370
2026-02-16,185.84710
2026-02-13,187.23600
2026-02-12,189.60290
2026-02-11,189.74640
2026-02-10,189.01900
2026-02-09,188.46900
2026-02-06,184.62700
2026-02-05,185.69490
2026-02-04,186.77740
2026-02-03,186.70090
2026-02-02,180.54240
2026-01-31,183.30100
2026-01-30,183.30210
2026-01-29,179.94080
2026-01-28,181.08730
2026-01-27,179.55150
2026-01-23,179.80350
2026-01-22,182.75440
2026-01-21,181.53250
2026-01-20,181.83500
2026-01-19,185.40420
2026-01-16,186.97190
2026-01-14,187.33750
2026-01-13,187.65940
2026-01-12,186.18370
2026-01-09,187.09710
2026-01-08,190.16000
2026-01-07,193.31730
2026-01-06,193.70270
2026-01-05,194.37860
2026-01-02,194.57400
2026-01-01,193.64170
2025-12-31,193.77240
2025-12-30,191.95010
2025-12-29,192.54100
2025-12-26,192.59130
2025-12-24,193.28480
2025-12-23,193.26520
2025-12-22,192.25730
2025-12-19,191.11570
2025-12-18,189.54200
2025-12-17,190.06210
2025-12-16,191.31430
2025-12-15,193.13250
2025-12-12,192.33770
2025-12-11,191.49520
2025-12-10,191.25570
2025-12-09,191.35730
2025-12-08,190.15910
2025-12-05,193.14510
2025-12-04,193.45990
2025-12-03,194.33550
2025-12-02,194.43120
2025-12-01,195.36260
2025-11-30,194.97900
2025-11-28,194.97840
2025-11-27,195.14900
2025-11-26,195.85550
2025-11-25,194.20420
2025-11-24,193.90920
2025-11-21,194.25170
2025-11-20,196.07320
2025-11-19,196.52800
2025-11-18,196.94780
2025-11-17,197.92120
2025-11-14,197.06760
2025-11-13,196.54650
2025-11-12,196.88400
2025-11-11,196.44860
2025-11-10,196.24510
2025-11-07,197.31500
2025-11-06,197.80320
2025-11-04,200.46780
2025-11-03,200.97090
2025-10-31,199.82340
2025-10-30,200.51850
2025-10-29,201.03750
2025-10-28,200.63480
2025-10-27,199.79650
2025-10-24,198.41150
2025-10-23,198.75210
2025-10-20,197.52580
2025-10-17,197.10750
2025-10-16,196.95210
2025-10-15,194.70000
2025-10-14,193.39750
2025-10-13,194.53640
2025-10-10,195.11850
2025-10-09,195.03760
2025-10-08,195.85870
2025-10-07,196.42940
2025-10-06,196.54830
2025-10-03,196.29650
2025-10-01,195.08560
2025-09-30,193.88220
2025-09-26,194.09730
2025-09-25,197.34470
2025-09-24,198.88610
2025-09-23,199.45730
2025-09-22,200.25390
2025-09-19,201.30600
2025-09-18,201.54470
2025-09-17,201.82000
2025-09-16,201.17950
2025-09-15,200.09670
2025-09-12,199.07160
2025-09-11,198.98350
2025-09-10,198.70750
2025-09-09,198.24440
2025-09-08,197.44800
2025-09-05,197.59390
2025-09-04,197.68870
2025-09-03,197.63250
2025-09-02,196.23670
2025-09-01,195.73430
2025-08-31,193.75370
2025-08-29,193.75320
2025-08-28,194.48930
2025-08-26,195.59460
2025-08-25,198.78050
2025-08-22,199.11560
2025-08-21,200.05540
2025-08-20,198.84770
2025-08-19,198.03890
2025-08-18,196.92030
2025-08-14,193.41310
2025-08-13,192.92220
2025-08-12,192.70500
2025-08-11,193.15840
2025-08-08,191.95750
2025-08-07,193.00640
2025-08-06,193.57560
2025-08-05,194.97310
2025-08-04,195.65360
2025-08-01,194.95480
2025-07-31,197.48900
2025-07-30,198.45080
2025-07-29,197.81460
2025-07-28,197.46290
2025-07-25,199.43490
2025-07-24,202.72100
2025-07-23,203.90430
2025-07-22,203.37140
2025-07-21,203.80280
2025-07-18,204.03560
2025-07-17,204.90430
2025-07-16,203.68350
2025-07-15,203.92680
2025-07-14,202.01890
2025-07-11,201.26060
2025-07-10,201.59850
2025-07-09,201.32870
2025-07-08,200.43960
2025-07-07,200.32350
2025-07-04,200.67620
2025-07-03,200.01860
2025-07-02,199.34090
2025-07-01,200.26720
2025-06-30,200.31780
2025-06-27,198.06880
2025-06-26,197.22860
2025-06-25,197.44050
2025-06-24,194.48380
2025-06-23,192.97300
2025-06-20,192.58720
2025-06-19,192.15350
2025-06-18,194.74980
2025-06-17,194.49760
2025-06-16,194.31170
2025-06-13,193.87020
2025-06-12,194.31590
2025-06-11,196.31550
2025-06-10,196.32030
2025-06-09,196.22680
2025-06-06,194.43670
2025-06-05,193.46220
2025-06-04,193.32410
2025-06-03,193.35580
2025-06-02,193.01410
2025-05-31,192.67840
2025-05-30,192.67720
2025-05-29,192.49060
2025-05-28,192.23220
2025-05-27,191.69150
2025-05-26,192.01160
2025-05-23,190.74280
2025-05-22,190.22970
2025-05-21,190.27080
2025-05-20,190.16200
2025-05-19,192.00150
2025-05-16,190.55430
2025-05-15,189.77160
2025-05-14,188.34010
2025-05-13,185.91990
2025-05-12,185.51940
2025-05-09,180.30790
2025-05-08,181.21480
2025-05-07,182.51470
2025-05-06,180.87420
2025-05-05,183.67000
2025-05-02,181.67630
2025-04-30,181.85270
2025-04-29,184.47490
2025-04-28,184.79840
2025-04-25,184.38920
2025-04-24,187.44420
2025-04-23,187.49180
2025-04-22,187.45940
2025-04-21,186.10860
2025-04-17,183.49400
2025-04-16,182.67970
2025-04-15,181.46880
2025-04-11,177.35900
2025-04-09,173.40240
2025-04-08,174.61980
2025-04-07,171.89300
2025-04-04,176.88530
2025-04-03,181.02050
2025-04-02,180.50400
2025-04-01,178.30730
2025-03-31,178.56280
2025-03-28,178.55480
2025-03-27,178.65350
2025-03-26,178.86170
2025-03-25,181.14990
2025-03-24,181.66260
2025-03-21,179.87650
2025-03-20,177.25460
2025-03-19,176.27700
2025-03-18,174.30650
2025-03-17,170.84150
2025-03-13,170.44540
2025-03-12,170.91270
2025-03-11,170.81180
2025-03-10,171.88780
2025-03-07,173.64640
2025-03-06,173.05460
2025-03-05,170.53780
2025-03-04,167.41440
2025-03-03,166.53630
2025-02-28,167.27530
2025-02-27,169.27610
2025-02-25,170.57720
2025-02-24,171.02810
2025-02-21,173.19400
2025-02-20,173.72510
2025-02-19,172.85420
2025-02-18,170.63510
2025-02-17,172.60170
2025-02-14,173.70270
2025-02-13,177.22140
2025-02-12,178.06730
2025-02-11,178.80970
2025-02-10,183.49470
2025-02-07,186.60010
2025-02-06,188.22360
2025-02-05,188.00120
2025-02-04,187.74020
2025-02-03,186.58870
2025-01-31,185.89270
2025-01-30,183.94810
2025-01-29,184.47400
2025-01-28,179.99810
2025-01-27,181.15050
2025-01-24,184.83570
2025-01-23,187.60260
2025-01-22,186.99250
2025-01-21,189.03020
2025-01-20,191.86990
2025-01-17,190.54740
2025-01-16,191.54610
2025-01-15,190.29080
2025-01-14,189.43940
2025-01-13,187.97080
2025-01-10,194.09510
2025-01-09,197.39780
2025-01-08,199.10830
2025-01-07,201.51000
2025-01-06,199.93250
2025-01-03,204.74730
2025-01-02,204.95800
2025-01-01,204.01330
2024-12-31,202.02500
2024-12-30,200.94740
2024-12-27,202.27440
2024-12-26,201.17120
2024-12-24,201.91170
2024-12-23,201.82350
2024-12-20,203.86390
2024-12-19,208.18140
2024-12-18,208.90390
2024-12-17,209.14900
2024-12-16,209.93610
2024-12-13,209.47050
2024-12-12,209.13640
2024-12-11,210.48870
2024-12-10,210.19360
2024-12-09,209.11880
2024-12-06,207.77930
2024-12-05,206.96340
2024-12-04,206.87990
2024-12-03,205.61420
2024-12-02,203.06620
2024-11-30,203.23060
2024-11-29,203.22980
2024-11-28,202.20460
2024-11-27,202.23030
2024-11-26,201.59810
2024-11-25,201.24270
2024-11-22,196.96790
2024-11-21,196.01740
2024-11-19,196.91490
2024-11-18,194.96320
2024-11-14,195.88250
2024-11-13,194.60350
2024-11-12,198.66500
2024-11-11,201.17830
2024-11-08,202.85580
2024-11-07,204.91850
2024-11-06,205.59320
2024-11-05,203.88450
2024-11-04,204.18210
2024-10-31,204.70650
2024-10-30,201.17000
2024-10-29,199.66210
2024-10-28,198.76200
2024-10-25,199.02570
2024-10-24,202.37940
2024-10-23,204.16040
2024-10-22,204.11900
2024-10-21,209.18120
2024-10-18,212.42580
2024-10-17,212.58360
2024-10-16,214.61380
2024-10-15,214.67670
2024-10-14,212.70610
2024-10-11,211.86820
2024-10-10,211.20750
2024-10-09,211.46180
2024-10-08,209.71250
2024-10-07,205.93070
2024-10-04,210.64500
2024-10-03,211.10730
2024-10-01,214.27590
2024-09-30,213.85410
2024-09-27,213.82450
2024-09-26,212.39300
2024-09-25,213.20710
2024-09-24,212.94540
2024-09-23,213.66070
2024-09-20,212.07530
2024-09-19,211.29030
2024-09-18,212.19740
2024-09-17,212.87130
2024-09-16,213.11800
2024-09-13,212.68240
2024-09-12,211.28420
2024-09-11,210.11110
2024-09-10,211.83530
2024-09-09,208.70900
2024-09-06,209.50180
2024-09-05,210.08360
2024-09-04,208.90430
2024-09-03,209.17100
2024-09-02,208.31130
2024-08-31,208.41670
2024-08-30,208.41680
2024-08-29,207.04990
2024-08-28,207.89870
2024-08-27,207.49040
2024-08-26,206.78640
2024-08-23,206.38890
2024-08-22,206.14190
2024-08-21,205.69040
2024-08-20,204.27780
2024-08-19,204.10160
2024-08-16,202.84710
2024-08-14,200.55320
2024-08-13,201.61010
2024-08-12,202.17420
2024-08-09,201.56990
2024-08-08,201.09250
2024-08-07,202.00340
2024-08-06,199.01140
2024-08-05,199.56190
2024-08-02,206.20350
2024-08-01,207.84030
2024-07-31,208.43580
2024-07-30,208.69120
2024-07-29,208.25480
2024-07-26,205.42050
2024-07-25,203.74190
2024-07-24,204.46770
2024-07-23,201.70180
2024-07-22,202.03550
2024-07-19,200.73470
2024-07-18,203.60470
2024-07-16,204.64390
2024-07-15,204.26510
2024-07-12,204.37660
2024-07-11,205.33260
2024-07-10,204.00500
2024-07-09,204.74340
2024-07-08,203.95050
2024-07-05,204.89210
2024-07-04,203.57230
2024-07-03,202.90490
2024-07-02,200.59120
2024-07-01,200.45560
2024-06-30,197.87550
2024-06-28,197.87460
2024-06-27,197.54100
2024-06-26,198.68260
2024-06-25,199.28880
2024-06-24,198.96450
2024-06-21,198.84530
2024-06-20,198.73210
2024-06-19,197.86450
2024-06-18,198.25160
2024-06-14,198.12810
2024-06-13,196.43830
2024-06-12,195.44150
2024-06-11,193.73580
2024-06-10,192.35180
2024-06-07,189.56980
2024-06-06,186.50830
2024-06-05,183.04960
2024-06-04,178.35910
2024-06-03,186.91550
2024-05-31,183.55500
2024-05-30,181.99070
2024-05-29,183.91990
2024-05-28,183.29630
2024-05-27,183.96720
2024-05-24,184.22960
2024-05-23,184.86470
2024-05-22,185.17180
2024-05-21,184.77490
2024-05-17,183.66970
2024-05-16,181.91380
2024-05-15,179.54070
2024-05-14,177.76550
2024-05-13,175.80480
2024-05-10,175.77960
2024-05-09,174.97820
2024-05-08,179.08460
2024-05-07,178.25650
2024-05-06,179.81960
2024-05-03,180.58290
2024-05-02,181.82800
2024-04-30,181.43470
2024-04-29,181.05300
2024-04-26,180.42500
2024-04-25,180.43450
2024-04-24,179.53280
2024-04-23,178.20840
2024-04-22,177.25860
2024-04-19,175.64450
2024-04-18,174.74650
2024-04-16,174.64190
2024-04-15,174.15540
2024-04-12,175.80470
2024-04-10,176.92020
2024-04-09,175.30610
2024-04-08,175.56460
2024-04-05,175.35380
2024-04-04,174.63640
2024-04-03,173.69260
2024-04-02,172.32720
2024-04-01,171.31840
2024-03-31,167.81360
2024-03-28,167.81390
2024-03-27,167.18190
2024-03-26,166.38440
2024-03-22,166.58970
2024-03-21,165.01480
2024-03-20,162.07690
2024-03-19,162.38850
2024-03-18,163.10550
2024-03-15,162.61570
2024-03-14,162.56190
2024-03-13,160.58350
2024-03-12,166.20620
2024-03-11,168.47940
2024-03-07,169.98460
2024-03-06,168.78030
2024-03-05,171.44490
2024-03-04,172.01160
2024-03-01,171.38620
2024-02-29,169.96340
2024-02-28,169.67810
2024-02-27,171.15060
2024-02-26,170.77230
2024-02-23,170.75130
2024-02-22,169.45300
2024-02-21,169.26090
2024-02-20,169.79750
2024-02-19,169.64210
2024-02-16,169.68790
2024-02-15,168.78300
2024-02-14,168.05510
2024-02-13,166.35530
2024-02-12,165.36070
2024-02-09,168.08130
2024-02-08,168.68940
2024-02-07,168.70670
2024-02-06,168.02770
2024-02-05,165.80490
2024-02-02,166.81720
2024-02-01,166.51910
2024-01-31,167.08530
2024-01-30,163.88540
2024-01-29,164.24300
2024-01-25,163.06420
2024-01-24,162.90440
2024-01-23,161.13050
2024-01-19,162.83230
2024-01-18,162.26090
2024-01-17,162.90310
2024-01-16,164.43210
2024-01-15,165.01830
2024-01-12,164.21060
2024-01-11,163.71650
2024-01-10,162.75620
2024-01-09,162.83110
2024-01-08,162.59160
2024-01-05,163.74990
2024-01-04,162.76090
2024-01-03,162.10600
2024-01-02,162.06460
2024-01-01,161.42720
2023-12-29,161.23570
2023-12-28,159.96250
2023-12-27,159.80290
2023-12-26,159.32410
2023-12-22,159.20230
2023-12-21,158.63270
2023-12-20,157.12700
2023-12-19,161.06180
2023-12-18,161.43560
2023-12-15,161.54280
2023-12-14,161.06090
2023-12-13,159.94020
2023-12-12,159.44360
2023-12-11,159.79540
2023-12-08,159.55530
2023-12-07,159.95680
2023-12-06,159.48490
2023-12-05,159.50410
2023-12-04,158.81010
2023-12-01,157.41760
2023-11-30,157.43140
2023-11-29,155.71050
2023-11-28,155.64510
2023-11-24,154.68300
2023-11-23,154.39260
2023-11-22,154.43410
2023-11-21,154.97010
2023-11-20,153.98730
2023-11-17,153.40800
2023-11-16,152.83770
2023-11-15,152.73980
2023-11-13,151.31400
2023-11-10,150.57810
2023-11-09,150.39980
2023-11-08,150.53310
2023-11-07,150.04940
2023-11-06,149.59200
2023-11-03,148.72050
2023-11-02,147.81920
2023-11-01,147.15460
2023-10-31,147.56260
2023-10-30,147.19740
2023-10-27,147.27930
2023-10-26,145.45300
2023-10-25,146.78620
2023-10-23,148.01860
2023-10-20,152.89160
2023-10-19,153.63700
2023-10-18,153.62520
2023-10-17,153.48660
2023-10-16,152.97470
2023-10-13,151.99220
2023-10-12,152.01910
2023-10-11,151.72290
2023-10-10,150.85630
2023-10-09,149.68450
2023-10-06,151.72000
2023-10-05,151.05840
2023-10-04,150.84800
2023-10-03,151.72950
2023-09-29,151.24970
2023-09-27,151.75530
2023-09-26,151.15260
2023-09-25,151.19660
2023-09-22,151.25970
2023-09-21,150.82720
2023-09-20,152.93130
2023-09-18,152.70610
2023-09-15,153.19300
2023-09-14,153.13890
2023-09-13,151.90550
2023-09-12,151.65830
2023-09-11,154.99080
2023-09-08,153.84310
2023-09-07,153.15100
2023-09-06,151.61470
2023-09-05,151.76550
2023-09-04,151.57480
2023-09-01,150.41260
2023-08-31,150.23060
2023-08-30,149.28840
2023-08-29,148.56920
2023-08-28,148.10740
2023-08-25,147.08850
2023-08-24,147.62330
2023-08-23,147.66660
2023-08-22,147.42070
2023-08-21,145.96920
2023-08-18,145.49760
2023-08-17,145.50100
2023-08-16,145.84700
2023-08-14,145.33910
2023-08-11,145.58810
2023-08-10,145.47230
2023-08-09,146.32930
2023-08-08,145.50020
2023-08-07,145.72720
2023-08-04,145.71290
2023-08-03,145.07950
2023-08-02,145.42340
2023-08-01,146.74570
2023-07-31,146.15820
2023-07-28,144.58240
2023-07-27,143.83590
2023-07-26,143.61880
2023-07-25,143.18630
2023-07-24,143.18320
2023-07-21,142.80640
2023-07-20,143.06150
2023-07-19,142.43170
2023-07-18,141.89480
2023-07-17,142.20500
2023-07-14,141.09830
2023-07-13,140.34480
2023-07-12,140.80360
2023-07-11,139.90540
2023-07-10,139.47430
2023-07-07,139.51120
2023-07-06,139.62780
2023-07-05,138.95790
2023-07-04,138.28760
2023-07-03,138.67420
2023-06-30,138.08830
2023-06-28,137.56100
2023-06-27,137.51730
2023-06-26,137.17380
2023-06-23,136.35240
2023-06-22,137.25140
2023-06-21,137.85180
2023-06-20,137.38780
2023-06-19,137.02580
2023-06-16,137.26180
2023-06-15,136.67750
2023-06-14,136.54230
2023-06-13,135.98440
2023-06-12,134.70180
2023-06-09,134.11180
2023-06-08,134.56460
2023-06-07,134.98550
2023-06-06,133.57340
2023-06-05,133.11770
2023-06-02,132.61400
2023-06-01,132.33410
2023-05-31,132.29130
2023-05-30,131.90120
2023-05-29,131.71390
2023-05-26,131.58210
2023-05-25,131.16350
2023-05-24,130.98640
2023-05-23,130.87000
2023-05-22,131.12640
2023-05-19,130.23830
2023-05-18,130.64470
2023-05-17,130.56820
2023-05-16,130.81270
2023-05-15,130.52590
2023-05-12,130.14330
2023-05-11,130.28510
2023-05-10,129.45460
2023-05-09,128.82740
2023-05-08,128.98770
2023-05-05,127.73710
2023-05-04,128.18460
2023-05-03,127.49300
2023-05-02,127.35450
2023-04-28,127.17120
2023-04-27,126.33800
2023-04-26,125.86180
2023-04-25,125.39490
2023-04-24,125.37200
2023-04-21,125.22840
2023-04-20,125.37920
2023-04-19,124.62460
2023-04-18,124.32440
2023-04-17,124.27280
2023-04-13,123.99110
2023-04-12,123.68080
2023-04-11,123.22150
2023-04-10,122.94160
2023-04-06,122.78110
2023-04-05,122.62120
2023-04-03,122.12710
2023-03-31,121.71440
2023-03-29,120.03710
2023-03-28,118.30580
2023-03-27,119.38300
2023-03-24,120.27450
2023-03-23,121.70650
2023-03-22,121.41560
2023-03-21,120.99530
2023-03-20,120.33440
2023-03-17,121.44600
2023-03-16,120.94170
2023-03-15,121.86050
2023-03-14,121.75290
2023-03-13,122.77710
2023-03-10,124.21100
2023-03-09,124.55020
2023-03-08,124.74690
2023-03-06,124.83390
2023-03-03,123.94810
2023-03-02,123.39930
2023-03-01,123.66500
2023-02-28,122.87010
2023-02-27,122.05520
2023-02-24,123.17770
2023-02-23,123.05130
2023-02-22,123.39200
2023-02-21,124.51720
2023-02-20,124.98140
2023-02-17,125.11190
2023-02-16,124.97140
2023-02-15,124.45060
2023-02-14,124.09160
2023-02-13,124.40560
2023-02-10,125.17020
2023-02-09,124.73790
2023-02-08,125.11170
2023-02-07,124.41820
2023-02-06,123.99210
2023-02-03,124.29070
2023-02-02,124.00830
2023-02-01,123.47840
2023-01-31,124.31380
2023-01-30,122.36330
2023-01-27,122.69620
2023-01-25,123.75220
2023-01-24,124.13280
2023-01-23,124.42500
2023-01-20,124.80500
2023-01-19,125.54330
2023-01-18,125.71860
2023-01-17,125.80740
2023-01-16,125.98320
2023-01-13,126.05880
2023-01-12,126.19640
2023-01-11,125.90800
2023-01-10,125.80040
2023-01-09,126.44620
2023-01-06,125.71850
2023-01-05,126.73270
2023-01-04,126.72660
2023-01-03,127.70460
2023-01-02,127.84040
2022-12-30,127.33480
2022-12-29,127.02110
2022-12-28,126.64490
2022-12-27,126.32000
2022-12-26,125.30490
2022-12-23,122.57510
2022-12-22,125.96630
2022-12-21,128.15640
2022-12-20,130.28140
2022-12-19,129.92220
2022-12-16,129.88910
2022-12-15,130.95910
2022-12-14,131.99510
2022-12-13,131.07840
2022-12-12,130.62560
2022-12-09,130.59030
2022-12-08,131.32880
2022-12-07,130.61840
2022-12-06,130.92860
2022-12-05,131.04080
2022-12-02,130.68550
2022-12-01,130.27580
2022-11-30,129.50970
2022-11-29,128.54400
2022-11-28,129.01660
2022-11-25,128.55620
2022-11-24,128.25670
2022-11-23,127.74930
2022-11-22,127.42690
2022-11-21,127.65350
2022-11-18,127.40220
2022-11-17,128.07440
2022-11-16,128.11350
2022-11-15,127.40280
2022-11-14,127.49320
2022-11-11,127.74700
2022-11-10,127.72200
2022-11-09,128.44300
2022-11-07,128.99030
2022-11-04,128.61500
2022-11-03,128.43450
2022-11-02,128.45680
2022-11-01,127.86030
2022-10-31,127.64110
2022-10-28,127.84950
2022-10-27,128.57420
2022-10-25,128.14430
2022-10-21,127.68500
2022-10-20,128.71590
2022-10-19,128.66490
2022-10-18,128.08460
2022-10-17,127.49360
2022-10-14,127.33710
2022-10-13,127.08320
2022-10-12,127.81170
2022-10-11,127.55030
2022-10-10,128.28790
2022-10-07,129.38890
2022-10-06,128.88440
2022-10-04,128.24360
2022-10-03,127.13510
2022-09-30,126.73840
2022-09-29,125.20230
2022-09-28,124.43190
2022-09-27,124.64060
2022-09-26,123.84370
2022-09-23,126.96710
2022-09-22,128.60600
2022-09-21,128.62300
2022-09-20,128.89830
2022-09-19,127.81660
2022-09-16,128.00290
2022-09-15,130.84770
2022-09-14,131.51050
2022-09-13,130.99840
2022-09-12,131.27110
2022-09-09,130.16620
2022-09-08,129.83880
2022-09-07,128.99030
2022-09-06,127.81200
2022-09-05,126.98830
2022-09-02,126.10910
2022-09-01,124.82650
2022-08-30,124.71270
2022-08-29,123.24180
2022-08-26,123.65620
2022-08-25,123.25720
2022-08-24,122.91310
2022-08-23,122.13780
2022-08-22,121.15940
2022-08-19,121.89630
2022-08-18,123.10310
2022-08-17,122.70030
2022-08-16,122.57980
2022-08-12,122.14650
2022-08-11,122.04360
2022-08-10,121.78950
2022-08-08,120.85290
2022-08-05,119.50010
2022-08-04,119.53510
2022-08-03,119.36710
2022-08-02,119.67090
2022-08-01,118.42850
2022-07-29,115.82620
2022-07-28,115.42120
2022-07-27,114.22380
2022-07-26,113.93630
2022-07-25,114.32510
2022-07-22,114.09000
2022-07-21,113.40940
2022-07-20,112.98680
2022-07-19,112.80460
2022-07-18,111.93220
2022-07-15,111.19870
2022-07-14,110.55230
2022-07-13,110.68760
2022-07-12,110.52170
2022-07-11,111.37350
2022-07-08,110.32050
2022-07-07,110.09590
2022-07-06,109.45310
2022-07-05,108.90190
2022-07-04,108.08600
2022-07-01,107.25110
2022-06-30,107.34470
2022-06-29,107.52980
2022-06-28,107.84570
2022-06-27,107.74300
2022-06-24,106.56300
2022-06-23,105.58260
2022-06-22,104.27180
2022-06-21,104.87010
2022-06-20,103.20490
2022-06-17,104.89110
2022-06-16,105.83600
2022-06-15,107.95690
2022-06-14,107.76550
2022-06-13,108.19730
2022-06-10,110.36110
2022-06-09,110.77300
2022-06-08,110.69600
2022-06-07,110.87410
2022-06-06,111.46800
2022-06-03,111.68540
2022-06-02,113.04470
2022-06-01,113.04690
2022-05-31,111.39850
2022-05-30,110.88540
2022-05-27,109.12390
2022-05-26,109.06410
2022-05-25,108.47360
2022-05-24,110.35920
2022-05-23,110.71940
2022-05-20,110.52060
2022-05-19,109.17370
2022-05-18,110.42420
2022-05-17,110.51260
2022-05-16,108.38100
2022-05-13,107.04810
2022-05-12,106.82650
2022-05-11,108.19240
2022-05-10,109.62780
2022-05-09,111.10720
2022-05-06,111.91700
2022-05-05,113.39280
2022-05-04,113.54790
2022-05-02,115.66750
2022-04-29,116.43710
2022-04-28,117.26540
2022-04-27,116.32390
2022-04-26,116.53810
2022-04-25,115.73640
2022-04-22,116.98770
2022-04-21,117.06810
2022-04-20,116.07930
2022-04-19,116.06710
2022-04-18,117.00860
2022-04-13,117.55220
2022-04-12,117.62720
2022-04-11,118.74340
2022-04-08,118.15900
2022-04-07,117.38080
2022-04-06,117.96150
2022-04-05,117.67290
2022-04-04,116.18190
2022-04-01,114.86550
2022-03-31,113.38810
2022-03-30,113.39380
2022-03-29,112.83300
2022-03-28,111.37730
2022-03-25,111.84140
2022-03-24,112.12900
2022-03-23,112.05940
2022-03-22,111.81360
2022-03-21,111.80340
2022-03-17,112.12780
2022-03-16,111.49960
2022-03-15,110.79150
2022-03-14,111.37760
2022-03-11,110.39590
2022-03-10,109.83990
2022-03-09,108.75360
2022-03-08,107.10740
2022-03-07,106.65620
2022-03-04,108.44320
2022-03-03,109.95230
2022-03-02,109.78980
2022-02-28,109.87350
2022-02-25,109.14470
2022-02-24,105.59190
2022-02-23,109.88920
2022-02-22,109.24150
2022-02-21,110.55550
2022-02-18,112.61630
2022-02-17,113.00940
2022-02-16,113.47020
2022-02-15,112.28590
2022-02-14,111.16490
2022-02-11,114.58050
2022-02-10,116.36100
2022-02-09,116.66280
2022-02-08,116.98970
2022-02-07,118.12130
2022-02-04,118.17790
2022-02-03,117.93840
2022-02-02,118.29250
2022-02-01,116.86150
2022-01-31,115.13830
2022-01-28,113.75420
2022-01-27,113.46440
2022-01-25,114.92650
2022-01-24,113.83880
2022-01-21,118.88710
2022-01-20,120.13110
2022-01-19,120.16820
2022-01-18,120.37380
2022-01-17,121.88900
2022-01-14,121.51440
2022-01-13,120.61450
2022-01-12,120.50300
2022-01-11,119.21220
2022-01-10,119.25900
2022-01-07,118.05780
2022-01-06,118.07800
2022-01-05,117.84490
2022-01-04,117.99370
2022-01-03,117.82950
2021-12-31,116.51350
2021-12-30,115.03920
2021-12-29,115.10700
2021-12-28,114.18700
2021-12-27,113.10130
2021-12-24,113.00340
2021-12-23,114.06030
2021-12-22,113.50080
2021-12-21,112.13470
2021-12-20,111.42910
2021-12-17,114.41820
2021-12-16,115.56210
2021-12-15,116.73340
2021-12-14,116.56610
2021-12-13,116.67310
2021-12-10,117.02950
2021-12-09,116.41890
2021-12-08,115.99550
2021-12-07,115.56930
2021-12-06,114.23750
2021-12-03,115.49890
2021-12-02,115.18030
2021-12-01,114.52250
2021-11-30,114.60610
2021-11-29,112.04060
2021-11-26,113.75810
2021-11-25,117.33650
2021-11-24,116.93820
2021-11-23,115.76250
2021-11-22,114.56340
2021-11-18,116.99580
2021-11-17,118.15130
2021-11-16,118.62130
2021-11-15,119.23900
2021-11-12,119.29120
2021-11-11,118.42350
2021-11-10,117.90590
2021-11-09,117.90770
2021-11-08,117.30550
2021-11-03,115.52220
2021-11-02,115.51780
2021-11-01,114.25790
2021-10-29,113.67150
2021-10-28,113.47500
2021-10-27,114.11780
2021-10-26,113.51630
2021-10-25,111.99620
2021-10-22,113.43480
2021-10-21,113.88610
2021-10-20,113.49120
2021-10-19,116.25450
2021-10-18,117.52220
2021-10-14,116.69190
2021-10-13,116.44360
2021-10-12,115.22740
2021-10-11,115.13360
2021-10-08,114.39720
2021-10-07,113.95120
2021-10-06,112.53830
2021-10-05,112.87150
2021-10-04,112.83350
2021-10-01,110.93850
2021-09-30,110.16720
2021-09-29,109.48820
2021-09-28,109.44540
2021-09-27,109.31300
2021-09-24,109.54360
2021-09-23,110.20110
2021-09-22,109.01440
2021-09-21,107.98110
2021-09-20,107.53320
2021-09-17,109.08420
2021-09-16,110.18800
2021-09-15,110.32950
2021-09-14,109.56390
2021-09-13,108.35570
2021-09-09,108.12890
2021-09-08,107.14160
2021-09-07,106.92630
2021-09-06,107.11490
2021-09-03,106.51710
2021-09-02,106.49160
2021-09-01,105.66160
2021-08-31,105.62140
2021-08-30,104.64800
2021-08-27,102.81370
2021-08-26,102.16200
2021-08-25,101.53200
2021-08-24,101.07150
2021-08-23,100.06500
2021-08-20,101.31540
2021-08-18,102.77920
2021-08-17,102.99480
2021-08-16,102.68180
2021-08-13,103.11560
2021-08-12,102.83510
2021-08-11,101.57780
2021-08-10,102.73900
2021-08-09,104.26970
2021-08-06,104.80690
2021-08-05,104.99800
2021-08-04,105.45790
2021-08-03,106.39290
2021-08-02,106.10170
2021-07-30,105.37140
2021-07-29,104.89030
2021-07-28,103.61700
2021-07-27,103.89140
2021-07-26,104.40830
2021-07-23,104.39720
2021-07-22,104.15310
2021-07-20,103.36030
2021-07-19,104.80460
2021-07-16,104.99140
2021-07-15,105.06950
2021-07-14,105.25640
2021-07-13,104.67460
2021-07-12,104.10410
2021-07-09,103.16640
2021-07-08,103.09630
2021-07-07,103.59810
2021-07-06,102.89880
2021-07-05,102.47920
2021-07-02,101.80670
2021-07-01,101.14200
2021-06-30,100.97560
2021-06-29,100.50420
2021-06-28,100.78620
2021-06-25,100.11550
2021-06-24,99.77290
2021-06-23,99.71000
2021-06-22,99.36600
2021-06-21,98.81950
2021-06-18,98.43440
2021-06-17,98.60260
2021-06-16,99.13380
2021-06-15,99.60140
2021-06-14,99.23390
2021-06-11,99.83450
2021-06-10,99.96540
2021-06-09,99.00360
2021-06-08,100.11220
2021-06-07,99.94910
2021-06-04,98.85390
2021-06-03,98.12500
2021-06-02,98.07960
2021-06-01,97.20440
2021-05-31,97.38000
2021-05-28,97.24830
2021-05-27,97.90630
2021-05-26,97.34370
2021-05-25,96.89920
2021-05-24,96.03050
2021-05-21,95.39140
2021-05-20,95.03160
2021-05-19,94.75580
2021-05-18,93.92250
2021-05-17,92.95850
2021-05-14,92.27650
2021-05-12,92.91240
2021-05-11,93.57370
2021-05-10,92.84600
2021-05-07,92.21350
2021-05-06,92.11860
2021-05-05,92.05770
2021-05-04,91.36260
2021-05-03,91.38280
2021-04-30,90.47520
2021-04-29,90.61730
2021-04-28,90.33200
2021-04-27,89.57120
2021-04-26,88.55580
2021-04-23,87.91490
2021-04-22,87.76700
2021-04-20,87.19480
2021-04-19,86.77830
2021-04-16,87.38880
2021-04-15,87.12590
2021-04-13,86.95160
2021-04-12,86.27200
2021-04-09,90.00910
2021-04-08,89.99640
2021-04-07,88.90630
2021-04-06,88.34190
2021-04-05,87.59760
2021-04-01,88.49030
2021-03-31,87.47370
2021-03-30,86.69770
2021-03-26,85.50870
2021-03-25,84.66980
2021-03-24,86.17170
2021-03-23,87.52120
2021-03-22,86.41560
2021-03-19,85.74980
2021-03-18,86.04650
2021-03-17,87.27320
2021-03-16,88.56820
2021-03-15,88.59630
2021-03-12,88.93150
2021-03-10,88.69660
2021-03-09,88.31610
2021-03-08,88.58760
2021-03-05,88.22520
2021-03-04,88.96230
2021-03-03,88.49230
2021-03-02,87.76620
2021-03-01,86.89470
2021-02-26,85.78780
2021-02-25,86.35880
2021-02-24,84.79360
2021-02-23,84.01350
2021-02-22,83.66080
2021-02-19,84.92730
2021-02-18,85.53170
2021-02-17,84.81930
2021-02-16,84.58710
2021-02-15,85.02760
2021-02-12,84.58640
2021-02-11,84.16940
2021-02-10,83.38640
2021-02-09,83.13030
2021-02-08,83.49240
2021-02-05,82.61530
2021-02-04,82.44530
2021-02-03,81.65380
2021-02-02,80.62250
2021-02-01,79.43440
2021-01-29,77.85370
2021-01-28,77.70090
2021-01-27,78.24940
2021-01-25,78.98670
2021-01-22,79.60840
2021-01-21,80.50940
2021-01-20,80.62590
2021-01-19,80.61730
2021-01-18,79.44010
2021-01-15,80.53020
2021-01-14,81.09440
2021-01-13,81.60650
2021-01-12,81.98530
2021-01-11,82.09490
2021-01-08,82.40470
2021-01-07,81.86890
2021-01-06,80.87950
2021-01-05,80.68970
2021-01-04,79.91780
2021-01-01,78.96100
2020-12-31,78.13960
2020-12-30,78.16080
2020-12-29,77.93780
2020-12-28,77.20100
2020-12-24,76.26520
2020-12-23,75.99500
2020-12-22,74.44380
2020-12-21,74.34310
2020-12-18,76.63510
2020-12-17,76.94640
2020-12-16,77.13520
2020-12-15,76.85270
2020-12-14,76.73020
2020-12-11,76.18970
2020-12-10,76.02580
2020-12-09,76.36330
2020-12-08,76.03470
2020-12-07,76.27570
2020-12-04,75.25310
2020-12-03,74.51880
2020-12-02,74.09610
2020-12-01,73.91510
2020-11-27,73.11050
2020-11-26,71.43940
2020-11-25,71.28590
2020-11-24,72.03940
2020-11-23,71.31080
2020-11-20,70.68970
2020-11-19,70.32570
2020-11-18,70.07870
2020-11-17,69.25850
2020-11-13,67.89750
2020-11-12,67.08740
2020-11-11,66.66850
2020-11-10,66.49610
2020-11-09,66.57070
2020-11-06,65.76100
2020-11-05,65.36320
2020-11-04,64.67030
2020-11-03,64.27570
2020-11-02,63.95820
2020-10-30,64.04220
2020-10-29,63.87380
2020-10-28,64.12640
2020-10-27,64.29050
2020-10-26,64.14670
2020-10-23,64.41670
2020-10-22,63.92640
2020-10-21,63.76260
2020-10-20,63.71480
2020-10-19,63.79330
2020-10-16,63.28830
2020-10-15,62.55860
2020-10-14,63.46370
2020-10-13,62.86580
2020-10-12,62.75970
2020-10-09,63.29060
2020-10-08,63.48170
2020-10-07,64.10250
2020-10-06,64.26170
2020-10-05,64.35350
2020-10-01,64.10930
2020-09-30,63.80230
2020-09-29,63.63050
2020-09-28,63.56630
2020-09-25,62.48450
2020-09-24,61.64670
2020-09-23,62.70630
2020-09-22,62.81530
2020-09-21,63.95850
2020-09-18,65.71470
2020-09-17,66.27420
2020-09-16,66.70090
2020-09-15,66.51880
2020-09-14,65.83310
2020-09-11,62.93640
2020-09-10,62.98380
2020-09-09,61.99760
2020-09-08,62.69250
2020-09-07,63.14550
2020-09-04,63.04490
2020-09-03,63.62770
2020-09-02,63.54330
2020-09-01,62.32650
2020-08-31,62.35880
2020-08-28,65.03450
2020-08-27,65.03040
2020-08-26,64.64390
2020-08-25,64.20120
2020-08-24,64.21660
2020-08-21,63.20560
2020-08-20,62.30870
2020-08-19,61.77670
2020-08-18,61.56860
2020-08-17,61.00840
2020-08-14,60.85190
2020-08-13,60.70920
2020-08-12,59.28590
2020-08-11,58.99220
2020-08-10,58.72160
2020-08-07,57.97240
2020-08-06,57.69790
2020-08-05,57.00650
2020-08-04,56.55650
2020-08-03,56.01470
2020-07-31,55.30080
2020-07-30,55.01940
2020-07-29,55.12990
2020-07-28,55.23620
2020-07-27,55.50970
2020-07-24,56.10870
2020-07-23,55.99010
2020-07-22,55.56520
2020-07-21,55.42380
2020-07-20,54.90450
2020-07-17,54.54600
2020-07-16,54.26330
2020-07-15,54.45790
2020-07-14,54.25740
2020-07-13,54.53980
2020-07-10,54.93760
2020-07-09,54.99560
2020-07-08,54.50730
2020-07-07,54.93200
2020-07-06,54.79150
2020-07-03,53.93670
2020-07-02,53.46330
2020-07-01,53.05260
2020-06-30,52.82190
2020-06-29,52.94460
2020-06-26,53.45770
2020-06-25,53.19150
2020-06-24,53.24950
2020-06-23,53.61290
2020-06-22,53.26470
2020-06-19,52.35010
2020-06-18,51.56850
2020-06-17,50.97340
2020-06-16,50.76750
2020-06-15,51.00410
2020-06-12,50.86480
2020-06-11,50.64260
2020-06-10,51.41190
2020-06-09,51.17140
2020-06-08,51.74510
2020-06-05,51.30080
2020-06-04,50.79800
2020-06-03,50.97220
2020-06-02,50.23200
2020-06-01,49.36350
2020-05-29,47.87480
2020-05-28,47.14340
2020-05-27,46.53540
2020-05-26,46.41930
2020-05-22,46.21320
2020-05-21,46.59470
2020-05-20,46.25630
2020-05-19,45.72500
2020-05-18,45.87810
2020-05-15,46.93310
2020-05-14,46.83280
2020-05-13,47.53490
2020-05-12,46.64270
2020-05-11,46.93450
2020-05-08,47.01970
2020-05-07,47.40150
2020-05-06,47.55080
2020-05-05,47.51520
2020-05-04,48.00180
2020-04-30,49.40210
2020-04-29,48.91500
2020-04-28,48.42860
2020-04-27,48.08460
2020-04-24,47.87990
2020-04-23,48.64640
2020-04-22,48.30700
2020-04-21,47.78740
2020-04-20,48.89510
2020-04-17,47.94620
2020-04-16,47.00440
2020-04-15,46.66210
2020-04-13,46.37370
2020-04-09,46.78910
2020-04-08,45.76780
2020-04-07,45.12100
2020-04-03,43.69810
2020-04-01,43.77730
2020-03-31,44.29980
2020-03-30,43.16130
2020-03-27,44.25520
2020-03-26,43.70480
2020-03-25,42.29050
2020-03-24,41.26000
2020-03-23,41.31100
2020-03-20,45.74680
2020-03-19,45.26420
2020-03-18,47.07830
2020-03-17,49.93710
2020-03-16,50.89990
2020-03-13,53.15760
2020-03-12,53.16170
2020-03-11,56.66720
2020-03-09,56.77010
2020-03-06,58.52360
2020-03-05,59.27270
2020-03-04,58.83080
2020-03-03,59.70230
2020-03-02,59.43570
2020-02-28,59.45000
2020-02-27,61.08990
2020-02-26,61.16490
2020-02-25,61.60150
2020-02-24,61.79420
2020-02-20,62.37270
2020-02-19,62.26000
2020-02-18,61.55950
2020-02-17,62.04690
2020-02-14,62.24190
2020-02-13,62.21810
2020-02-12,62.20580
2020-02-11,62.19210
2020-02-10,61.90860
2020-02-07,62.31670
2020-02-06,62.08900
2020-02-05,62.06060
2020-02-04,61.78830
2020-02-03,60.88720
2020-01-31,61.75430
2020-01-30,61.81340
2020-01-29,62.13240
2020-01-28,62.08860
2020-01-27,61.96560
2020-01-24,61.83930
2020-01-23,61.14880
2020-01-22,60.84690
2020-01-21,60.72750
2020-01-20,60.97090
2020-01-17,60.89520
2020-01-16,60.21890
2020-01-15,59.67950
2020-01-14,59.28950
2020-01-13,59.17260
2020-01-10,58.90760
2020-01-09,58.64070
2020-01-08,57.98680
2020-01-07,58.21070
2020-01-06,57.73290
2020-01-03,58.68720
2020-01-02,58.39880
2020-01-01,57.88600
2019-12-31,57.80930
2019-12-30,57.79810
2019-12-27,57.76820
2019-12-26,57.48460
2019-12-24,57.41960
2019-12-23,57.57560
2019-12-20,57.66490
2019-12-19,57.30510
2019-12-18,57.12740
2019-12-17,57.31550
2019-12-16,56.99090
2019-12-13,57.29570
2019-12-12,56.71410
2019-12-11,56.62080
2019-12-10,56.81760
2019-12-09,57.30440
2019-12-06,57.63230
2019-12-05,58.24590
2019-12-04,58.33970
2019-12-03,57.95420
2019-12-02,58.05330
2019-11-29,57.98390
2019-11-28,57.74410
2019-11-27,57.82500
2019-11-26,57.92580
2019-11-25,58.23730
2019-11-22,58.05550
2019-11-21,58.02320
2019-11-20,57.83570
2019-11-19,57.82660
2019-11-18,57.78940
2019-11-15,57.71000
2019-11-14,57.82730
2019-11-13,57.90230
2019-11-11,57.69200
2019-11-08,57.45370
2019-11-07,57.90740
2019-11-06,57.75360
2019-11-05,58.07080
2019-11-04,58.51570
2019-11-01,57.98090
2019-10-31,57.66150
2019-10-30,57.18310
2019-10-29,57.07850
2019-10-25,56.37680
2019-10-24,56.48780
2019-10-23,56.39400
2019-10-22,56.33940
2019-10-18,56.35960
2019-10-17,55.26610
2019-10-16,54.92990
2019-10-15,55.05040
2019-10-14,54.96580
2019-10-11,54.82220
2019-10-10,54.76650
2019-10-09,55.05660
2019-10-07,54.80530
2019-10-04,54.94640
2019-10-03,55.39900
2019-10-01,55.65560
2019-09-30,56.14700
2019-09-27,56.38430
2019-09-26,56.38590
2019-09-25,55.94130
2019-09-24,56.44980
2019-09-23,56.35020
2019-09-20,54.44700
2019-09-19,52.78450
2019-09-18,53.13340
2019-09-17,53.18530
2019-09-16,53.81400
2019-09-13,53.60120
2019-09-12,53.64760
2019-09-11,53.74780
2019-09-09,52.93660
2019-09-06,52.64550
2019-09-05,52.27830
2019-09-04,52.12160
2019-09-03,51.97420
2019-08-30,52.37520
2019-08-29,52.09870
2019-08-28,52.49380
2019-08-27,52.57310
2019-08-26,52.03410
2019-08-23,51.30910
2019-08-22,51.03800
2019-08-21,51.52200
2019-08-20,51.92470
2019-08-19,51.99830
2019-08-16,52.02110
2019-08-14,51.72990
2019-08-13,51.09790
2019-08-09,51.61770
2019-08-08,51.25950
2019-08-07,51.16810
2019-08-06,51.03190
2019-08-05,50.58610
2019-08-02,51.03490
2019-08-01,51.30820
2019-07-31,51.90170
2019-07-30,51.46600
2019-07-29,52.16160
2019-07-26,52.56860
2019-07-25,52.52070
2019-07-24,52.73740
2019-07-23,53.15500
2019-07-22,53.02400
2019-07-19,53.40290
2019-07-18,54.01470
2019-07-17,54.31900
2019-07-16,54.08560
2019-07-15,54.14610
2019-07-12,54.27850
2019-07-11,54.09840
2019-07-10,53.84430
2019-07-09,54.08360
2019-07-08,54.16440
2019-07-05,54.85610
2019-07-04,55.46990
2019-07-03,55.37380
2019-07-02,55.45600
2019-07-01,55.30310
2019-06-28,55.22400
2019-06-27,55.09700
2019-06-26,54.96570
2019-06-25,54.49570
2019-06-24,54.18940
2019-06-21,54.48260
2019-06-20,54.45070
2019-06-19,54.09460
2019-06-18,54.35880
2019-06-17,54.65100
2019-06-14,55.22650
2019-06-13,55.35830
2019-06-12,55.66630
2019-06-11,55.67700
2019-06-10,55.74310
2019-06-07,56.09400
2019-06-06,56.12530
2019-06-04,56.70670
2019-06-03,56.74170
2019-05-31,56.48040
2019-05-30,56.18820
2019-05-29,56.35730
2019-05-28,56.54150
2019-05-27,55.90360
2019-05-24,54.99480
2019-05-23,53.98730
2019-05-22,54.09580
2019-05-21,54.08380
2019-05-20,54.48670
2019-05-17,53.07300
2019-05-16,52.93380
2019-05-15,53.03030
2019-05-14,53.10040
2019-05-13,52.83890
2019-05-10,53.70600
2019-05-09,53.70840
2019-05-08,53.85830
2019-05-07,54.34240
2019-05-06,54.49760
2019-05-03,54.89700
2019-05-02,55.00240
2019-04-30,55.08300
2019-04-26,55.31870
2019-04-25,55.35920
2019-04-24,55.27230
2019-04-23,55.05550
2019-04-22,54.94580
2019-04-18,55.72320
2019-04-16,56.12670
2019-04-15,56.15360
2019-04-12,55.92260
2019-04-11,55.79870
2019-04-10,55.63880
2019-04-09,55.66120
2019-04-08,55.88280
2019-04-05,56.01910
2019-04-04,55.64470
2019-04-03,55.66010
2019-04-02,56.00110
2019-04-01,56.17720
2019-03-29,55.66300
2019-03-28,54.75810
2019-03-27,54.46000
2019-03-26,54.40650
2019-03-25,54.02560
2019-03-22,54.64980
2019-03-20,54.76370
2019-03-19,55.12380
2019-03-18,54.83560
2019-03-15,54.83230
2019-03-14,55.01810
2019-03-13,55.19590
2019-03-12,55.27730
2019-03-11,54.74060
2019-03-08,53.94010
2019-03-07,53.70520
2019-03-06,53.24360
2019-03-05,52.70070
2019-03-01,51.44180
2019-02-28,50.77170
2019-02-27,50.66950
2019-02-26,50.93920
2019-02-25,51.15440
2019-02-22,51.11640
2019-02-21,50.88630
2019-02-20,50.51340
2019-02-19,50.19320
2019-02-18,49.72310
2019-02-15,49.83630
2019-02-14,50.02460
2019-02-13,49.91590
2019-02-12,49.98650
2019-02-11,50.14170
2019-02-08,50.55320
2019-02-07,50.89240
2019-02-06,50.53950
2019-02-05,50.71510
2019-02-04,51.03580
2019-02-01,51.29720
2019-01-31,51.35070
2019-01-30,51.00550
2019-01-29,51.05470
2019-01-28,51.08620
2019-01-25,51.80020
2019-01-24,52.29050
2019-01-23,52.27130
2019-01-22,52.53510
2019-01-21,52.85800
2019-01-18,53.07100
2019-01-17,53.16740
2019-01-16,53.20550
2019-01-15,53.27560
2019-01-14,53.15470
2019-01-11,53.18620
2019-01-10,53.24230
2019-01-09,53.29980
2019-01-08,53.25160
2019-01-07,53.41870
2019-01-04,53.32890
2019-01-03,53.50670
2019-01-02,53.71480
2019-01-01,53.81800
2018-12-31,53.82650
2018-12-28,53.51780
2018-12-27,53.03650
2018-12-26,52.81700
2018-12-24,52.80450
2018-12-21,53.50260
2018-12-20,54.15910
2018-12-19,54.05890
2018-12-18,53.49370
2018-12-17,53.29490
2018-12-14,53.08980
2018-12-13,53.04740
2018-12-12,52.67220
2018-12-11,51.69330
2018-12-10,51.30100
2018-12-07,52.00780
2018-12-06,51.90510
2018-12-05,52.52670
2018-12-04,52.94580
2018-12-03,52.77470
2018-11-30,52.74220
2018-11-29,52.49690
2018-11-28,52.44480
2018-11-27,52.37870
2018-11-26,52.36920
2018-11-22,52.58670
2018-11-21,52.68050
2018-11-20,52.71180
2018-11-19,53.02900
2018-11-16,52.56470
2018-11-15,52.64060
2018-11-14,52.84700
2018-11-13,52.60140
2018-11-12,52.66270
2018-11-09,53.03440
2018-11-06,52.37470
2018-11-05,52.43270
2018-11-02,52.56680
2018-11-01,52.05870
2018-10-31,51.88510
2018-10-30,51.44750
2018-10-29,50.92970
2018-10-26,50.33250
2018-10-25,50.25100
2018-10-24,50.39520
2018-10-23,50.16670
2018-10-22,50.77720
2018-10-19,51.42500
2018-10-17,51.98010
2018-10-16,52.71740
2018-10-15,52.16970
2018-10-12,51.79440
2018-10-11,51.00280
2018-10-10,51.69010
2018-10-09,49.99840
2018-10-08,50.31910
2018-10-05,51.09670
2018-10-04,51.95750
2018-10-03,52.91920
2018-10-01,52.88300
2018-09-28,53.31710
2018-09-27,54.44660
2018-09-26,55.12020
2018-09-25,54.82740
2018-09-24,55.28210
2018-09-21,56.44670
2018-09-19,57.58210
2018-09-18,58.00360
2018-09-17,58.55040
2018-09-14,58.79830
2018-09-12,58.20590
2018-09-11,58.31700
2018-09-10,58.94300
2018-09-07,59.38140
2018-09-06,59.23830
2018-09-05,58.69490
2018-09-04,58.88900
2018-09-03,59.89740
2018-08-31,60.12870
2018-08-30,59.57190
2018-08-29,59.49070
2018-08-28,59.55450
2018-08-27,59.34420
2018-08-24,58.86170
2018-08-23,59.03100
2018-08-21,58.88570
2018-08-20,58.75970
2018-08-17,58.75550
2018-08-16,58.38800
2018-08-14,58.07810
2018-08-13,58.24510
2018-08-10,58.65510
2018-08-09,58.75430
2018-08-08,59.00290
2018-08-07,58.98340
2018-08-06,58.79140
2018-08-03,57.75940
2018-08-02,57.21620
2018-08-01,57.02160
2018-07-31,56.61810
2018-07-30,56.27370
2018-07-27,55.85320
2018-07-26,54.61710
2018-07-25,54.39810
2018-07-24,54.29350
2018-07-23,53.49570
2018-07-20,53.12790
2018-07-19,53.06480
2018-07-18,53.35840
2018-07-17,53.92080
2018-07-16,53.81820
2018-07-13,54.73510
2018-07-12,54.92570
2018-07-11,55.01340
2018-07-10,54.97680
2018-07-09,54.86680
2018-07-06,54.19960
2018-07-05,53.97470
2018-07-04,54.16200
2018-07-03,53.97300
2018-07-02,53.90290
2018-06-29,54.06380
2018-06-28,53.23720
2018-06-27,53.70150
2018-06-26,54.63160
2018-06-25,55.00550
2018-06-22,55.55480
2018-06-21,55.58140
2018-06-20,55.96440
2018-06-19,56.05860
2018-06-18,56.86800
2018-06-15,57.06720
2018-06-14,57.43870
2018-06-13,57.25220
2018-06-12,57.44040
2018-06-11,57.39460
2018-06-08,57.04480
2018-06-07,57.00310
2018-06-06,55.91000
2018-06-05,55.14420
2018-06-04,56.50650
2018-06-01,57.87650
2018-05-31,58.99500
2018-05-30,59.63590
2018-05-29,59.49560
2018-05-28,59.79380
2018-05-25,59.25500
2018-05-24,59.29310
2018-05-23,59.33980
2018-05-22,59.79250
2018-05-21,59.73260
2018-05-18,60.83120
2018-05-17,61.07490
2018-05-16,60.67820
2018-05-15,61.13010
2018-05-14,61.13960
2018-05-11,62.02210
2018-05-10,62.18000
2018-05-09,62.72550
2018-05-08,62.34050
2018-05-07,62.36200
2018-05-04,61.55480
2018-05-03,61.95660
2018-05-02,62.41990
2018-04-30,62.93230
2018-04-27,63.09540
2018-04-26,63.26410
2018-04-25,62.51420
2018-04-24,62.52410
2018-04-23,62.33700
2018-04-20,62.00670
2018-04-19,62.03160
2018-04-18,61.68120
2018-04-17,61.82730
2018-04-16,61.94470
2018-04-13,61.58310
2018-04-12,61.76480
2018-04-11,61.61020
2018-04-10,61.77810
2018-04-09,61.55900
2018-04-06,61.09850
2018-04-05,60.59340
2018-04-04,59.80790
2018-04-03,60.36630
2018-04-02,59.68970
2018-03-28,58.09690
2018-03-27,58.78480
2018-03-26,58.34830
2018-03-23,57.87920
2018-03-22,58.38450
2018-03-21,59.25810
2018-03-20,59.09420
2018-03-19,59.19310
2018-03-16,60.17590
2018-03-15,60.69640
2018-03-14,60.38170
2018-03-13,60.58530
2018-03-12,59.99230
2018-03-09,59.64270
2018-03-08,59.61070
2018-03-07,59.79240
2018-03-06,60.76480
2018-03-05,61.41790
2018-03-01,62.21160
2018-02-28,62.27740
2018-02-27,62.48060
2018-02-26,62.79880
2018-02-23,62.21100
2018-02-22,61.72890
2018-02-21,61.84160
2018-02-20,61.85500
2018-02-19,61.70370
2018-02-16,62.67230
2018-02-15,63.68260
2018-02-14,64.57070
2018-02-12,64.47380
2018-02-09,63.93510
2018-02-08,63.70760
2018-02-07,62.36000
2018-02-06,61.06870
2018-02-05,62.53910
2018-02-02,62.51290
2018-02-01,64.66040
2018-01-31,64.87200
2018-01-30,65.21160
2018-01-29,65.46360
2018-01-25,65.97430
2018-01-24,66.45190
2018-01-23,67.23810
2018-01-22,67.67750
2018-01-19,67.02540
2018-01-18,66.46890
2018-01-17,67.80710
2018-01-16,67.64380
2018-01-15,69.03920
2018-01-12,68.84660
2018-01-11,68.79270
2018-01-10,68.68730
2018-01-09,68.69750
2018-01-08,69.06610
2018-01-05,68.86840
2018-01-04,67.80230
2018-01-03,67.06270
2018-01-02,65.59150
2018-01-01,66.19530
2017-12-29,66.15650
2017-12-28,66.31830
2017-12-27,66.04560
2017-12-26,66.09610
2017-12-22,66.20800
2017-12-21,66.46990
2017-12-20,65.87820
2017-12-19,65.22960
2017-12-18,63.86940
2017-12-15,63.32380
2017-12-14,62.78410
2017-12-13,62.80650
2017-12-12,63.38790
2017-12-11,63.63180
2017-12-08,62.84360
2017-12-07,61.99160
2017-12-06,61.46330
2017-12-05,61.51050
2017-12-04,61.31770
2017-12-01,61.49890
2017-11-30,61.95290
2017-11-29,61.93300
2017-11-28,61.83210
2017-11-27,61.27620
2017-11-24,61.08750
2017-11-23,60.54080
2017-11-22,60.06910
2017-11-21,59.66670
2017-11-20,59.20670
2017-11-17,58.64860
2017-11-16,58.08290
2017-11-15,57.26890
2017-11-14,57.90630
2017-11-13,57.81860
2017-11-10,57.78980
2017-11-09,58.08040
2017-11-08,57.23730
2017-11-07,57.57580
2017-11-06,57.86980
2017-11-03,57.57920
2017-11-02,56.68750
2017-11-01,55.87530
2017-10-31,55.41710
2017-10-30,55.09440
2017-10-27,54.52320
2017-10-26,54.12880
2017-10-25,53.98480
2017-10-24,54.51460
2017-10-23,54.34240
2017-10-18,54.42440
2017-10-17,54.53880
2017-10-16,54.21140
2017-10-13,54.17170
2017-10-12,53.99710
2017-10-11,53.67800
2017-10-10,54.35800
2017-10-09,53.97160
2017-10-06,53.81250
2017-10-05,53.44760
2017-10-04,53.23950
2017-10-03,52.32130
2017-09-29,51.96100
2017-09-28,51.23620
2017-09-27,50.83200
2017-09-26,51.67840
2017-09-25,51.05010
2017-09-22,51.59950
2017-09-21,53.30410
2017-09-20,53.36020
2017-09-19,52.96860
2017-09-18,52.38040
2017-09-15,51.75180
2017-09-14,51.31820
2017-09-13,50.69650
2017-09-12,51.08520
2017-09-11,50.76960
2017-09-08,50.54810
2017-09-07,50.47900
2017-09-06,50.29490
2017-09-05,50.08830
2017-09-04,49.58880
2017-09-01,49.64480
2017-08-31,49.14820
2017-08-30,48.48610
2017-08-29,48.13840
2017-08-28,48.53920
2017-08-24,48.24800
2017-08-23,48.19170
2017-08-22,47.91540
2017-08-21,47.71790
2017-08-18,48.38330
2017-08-17,48.70340
2017-08-16,48.32250
2017-08-14,47.73700
2017-08-11,46.93310
2017-08-10,46.60040
2017-08-09,47.65330
2017-08-08,48.14000
2017-08-07,48.57160
2017-08-04,48.15070
2017-08-03,48.03550
2017-08-02,48.43400
2017-08-01,48.81850
2017-07-31,48.65370
2017-07-28,48.58110
2017-07-27,48.15890
2017-07-26,48.46630
2017-07-25,48.26630
2017-07-24,48.24890
2017-07-21,48.26290
2017-07-20,48.43080
2017-07-19,48.23220
2017-07-18,47.94290
2017-07-17,47.97000
2017-07-14,47.79040
2017-07-13,48.24030
2017-07-12,47.98100
2017-07-11,47.89990
2017-07-10,47.75710
2017-07-07,47.66890
2017-07-06,47.60480
2017-07-05,47.60570
2017-07-04,47.30410
2017-07-03,47.08640
2017-06-30,46.34840
2017-06-29,46.17690
2017-06-28,45.71990
2017-06-27,46.09490
2017-06-23,46.41260
2017-06-22,46.95420
2017-06-21,46.80160
2017-06-20,46.62470
2017-06-19,46.49240
2017-06-16,46.27990
2017-06-15,46.12150
2017-06-14,45.78990
2017-06-13,45.76000
2017-06-12,45.64260
2017-06-09,45.39980
2017-06-08,45.36660
2017-06-07,45.22290
2017-06-06,44.89320
2017-06-05,45.12000
2017-06-02,44.86930
2017-06-01,44.59200
2017-05-31,44.56770
2017-05-30,44.21410
2017-05-29,44.42950
2017-05-26,44.85990
2017-05-25,44.22570
2017-05-24,43.34840
2017-05-23,44.02490
2017-05-22,44.86600
2017-05-19,45.24310
2017-05-18,45.58920
2017-05-17,45.80480
2017-05-16,45.68600
2017-05-15,45.60240
2017-05-12,45.11860
2017-05-11,45.57280
2017-05-10,45.83310
2017-05-09,45.46960
2017-05-08,45.25130
2017-05-05,44.95030
2017-05-04,45.06970
2017-05-03,44.87410
2017-05-02,44.87760
2017-04-28,44.99680
2017-04-27,44.96400
2017-04-26,44.69340
2017-04-25,45.29740
2017-04-24,45.27120
2017-04-21,44.99580
2017-04-20,45.00120
2017-04-19,44.60320
2017-04-18,44.56120
2017-04-17,44.96190
2017-04-13,44.78000
2017-04-12,44.84620
2017-04-11,45.01130
2017-04-10,44.70750
2017-04-07,44.34250
2017-04-06,44.69780
2017-04-05,44.59420
2017-04-03,43.28630
2017-03-31,42.78840
2017-03-30,42.69100
2017-03-29,42.35730
2017-03-28,42.34970
2017-03-27,42.26590
2017-03-24,42.22840
2017-03-23,42.17190
2017-03-22,42.00260
2017-03-21,42.14560
2017-03-20,42.24000
2017-03-17,41.97770
2017-03-16,41.81890
2017-03-15,41.30270
2017-03-14,41.30400
2017-03-10,40.98160
2017-03-09,41.07320
2017-03-08,41.00060
2017-03-07,41.07030
2017-03-06,40.96560
2017-03-03,40.94170
2017-03-02,40.77130
2017-03-01,41.24220
2017-02-28,40.90080
2017-02-27,40.76850
2017-02-23,41.03000
2017-02-22,40.99460
2017-02-21,41.22540
2017-02-20,41.12510
2017-02-17,40.83730
2017-02-16,40.82380
2017-02-15,40.36280
2017-02-14,41.09170
2017-02-13,41.26570
2017-02-10,41.29940
2017-02-09,40.99090
2017-02-08,40.95860
2017-02-07,40.92430
2017-02-06,40.72070
2017-02-03,40.32050
2017-02-02,39.61380
2017-02-01,39.53250
2017-01-31,39.18620
2017-01-30,39.31440
2017-01-27,39.57650
2017-01-25,39.31390
2017-01-24,39.19810
2017-01-23,38.76860
2017-01-20,38.61060
2017-01-19,38.97910
2017-01-18,38.85080
2017-01-17,38.55110
2017-01-16,38.37450
2017-01-13,38.18450
2017-01-12,38.13370
2017-01-11,38.25580
2017-01-10,38.01790
2017-01-09,37.84710
2017-01-06,37.65880
2017-01-05,37.60910
2017-01-04,37.35590
2017-01-03,37.28040
2017-01-02,36.94500
2016-12-30,36.66310
2016-12-29,36.32820
2016-12-28,36.09550
2016-12-27,35.89870
2016-12-26,35.60340
2016-12-23,36.22550
2016-12-22,36.15260
2016-12-21,36.53840
2016-12-20,36.54500
2016-12-19,36.94500
2016-12-16,37.12710
2016-12-15,37.15060
2016-12-14,37.29210
2016-12-13,37.64780
2016-12-12,37.47650
2016-12-09,37.71440
2016-12-08,37.68930
2016-12-07,37.38370
2016-12-06,37.47780
2016-12-05,37.59930
2016-12-02,37.62410
2016-12-01,38.17150
2016-11-30,38.21320
2016-11-29,37.94660
2016-11-28,37.78400
2016-11-25,37.30750
2016-11-24,36.82740
2016-11-23,36.69640
2016-11-22,36.34540
2016-11-21,36.01610
2016-11-18,37.44440
2016-11-17,37.07900
2016-11-16,37.26730
2016-11-15,37.28160
2016-11-11,39.22860
2016-11-10,40.37200
2016-11-09,39.71840
2016-11-08,40.29730
2016-11-07,40.31430
2016-11-04,39.80440
2016-11-03,40.58510
2016-11-02,41.03400
2016-11-01,41.65750
2016-10-28,41.05640
2016-10-27,40.58800
2016-10-26,40.50440
2016-10-25,40.67860
2016-10-24,40.49930
2016-10-21,40.09490
2016-10-20,40.27850
2016-10-19,40.22990
2016-10-18,40.00620
2016-10-17,39.67230
2016-10-14,39.97260
2016-10-13,39.70370
2016-10-10,40.47110
2016-10-07,40.22230
2016-10-06,39.84510
2016-10-05,39.99870
2016-10-04,39.63240
2016-10-03,39.42620
2016-09-30,38.66340
2016-09-29,37.64570
2016-09-28,38.86450
2016-09-27,38.65360
2016-09-26,38.55120
2016-09-23,38.63350
2016-09-22,38.49940
2016-09-21,37.88950
2016-09-20,37.89950
2016-09-19,37.73170
2016-09-16,37.54740
2016-09-15,37.56550
2016-09-14,37.46950
2016-09-12,37.13230
2016-09-09,37.88890
2016-09-08,38.00720
2016-09-07,37.77650
2016-09-06,37.97130
2016-09-02,37.72610
2016-09-01,37.54700
2016-08-31,37.96730
2016-08-30,37.82320
2016-08-29,37.33380
2016-08-26,37.14500
2016-08-25,37.14650
2016-08-24,37.06850
2016-08-23,36.81340
2016-08-22,36.75810
2016-08-19,36.76100
2016-08-18,36.69790
2016-08-17,36.30470
2016-08-16,35.99080
2016-08-12,36.01470
2016-08-11,35.92880
2016-08-10,35.93900
2016-08-09,36.30940
2016-08-08,36.53980
2016-08-05,36.46690
2016-08-04,36.16890
2016-08-03,35.96560
2016-08-02,36.38760
2016-08-01,36.50240
2016-07-29,36.88360
2016-07-28,36.72190
2016-07-27,36.47120
2016-07-26,36.73470
2016-07-25,36.97690
2016-07-22,36.64330
2016-07-21,36.51930
2016-07-20,36.50050
2016-07-19,36.12720
2016-07-18,36.30780
2016-07-15,36.38210
2016-07-14,36.36870
2016-07-13,35.81120
2016-07-12,35.76950
2016-07-11,35.88590
2016-07-08,35.74700
2016-07-07,35.69730
2016-07-05,35.55320
2016-07-04,35.52480
2016-07-01,35.39090
2016-06-30,35.25510
2016-06-29,35.10040
2016-06-28,34.57030
2016-06-27,34.23310
2016-06-24,33.90070
2016-06-23,34.20010
2016-06-22,34.25840
2016-06-21,34.23680
2016-06-20,34.28230
2016-06-17,34.40500
2016-06-16,34.26000
2016-06-15,34.38490
2016-06-14,34.08450
2016-06-13,34.12570
2016-06-10,34.34500
2016-06-09,34.24080
2016-06-08,34.53340
2016-06-07,34.45470
2016-06-06,34.05590
2016-06-03,33.86520
2016-06-02,33.95350
2016-06-01,33.79300
2016-05-31,33.76830
2016-05-30,33.84230
2016-05-27,33.72370
2016-05-26,33.55440
2016-05-25,33.60570
2016-05-24,33.41600
2016-05-23,33.65830
2016-05-20,33.61610
2016-05-19,33.83550
2016-05-18,34.31940
2016-05-17,34.26820
2016-05-16,34.21400
2016-05-13,34.28190
2016-05-12,34.33400
2016-05-11,33.95020
2016-05-10,33.86020
2016-05-09,34.05720
2016-05-06,33.87690
2016-05-05,33.99390
2016-05-04,33.72260
2016-05-03,34.03060
2016-05-02,34.04950
2016-04-29,34.13480
2016-04-28,34.10160
2016-04-27,34.34370
2016-04-26,34.14530
2016-04-25,33.96290
2016-04-22,34.00100
2016-04-21,34.16770
2016-04-20,34.27250
2016-04-18,34.19220
2016-04-13,33.76930
2016-04-12,33.51200
2016-04-11,33.38750
2016-04-08,33.06500
2016-04-07,33.01940
2016-04-06,33.23170
2016-04-05,32.92950
2016-04-04,33.11200
2016-04-01,32.60990
2016-03-31,32.36140
2016-03-30,32.31320
2016-03-29,31.94450
2016-03-28,31.87590
2016-03-23,32.21920
2016-03-22,31.86820
2016-03-21,31.98990
2016-03-18,31.55040
2016-03-17,31.33090
2016-03-16,31.24450
2016-03-15,31.17580
2016-03-14,31.33640
2016-03-11,31.08850
2016-03-10,31.07790
2016-03-09,31.09970
2016-03-08,31.05750
2016-03-04,31.11400
2016-03-03,31.10970
2016-03-02,30.96070
2016-03-01,30.52870
2016-02-29,29.76350
2016-02-26,29.94060
2016-02-25,30.24000
2016-02-24,30.26500
2016-02-23,30.68360
2016-02-22,31.01600
2016-02-19,31.10020
2016-02-18,31.07550
2016-02-17,30.70270
2016-02-16,30.42160
2016-02-15,31.05170
2016-02-12,30.17160
2016-02-11,30.48320
2016-02-10,31.64890
2016-02-09,32.05790
2016-02-08,32.14410
2016-02-05,32.18700
2016-02-04,32.01130
2016-02-03,32.15050
2016-02-02,32.57900
2016-02-01,32.68270
2016-01-29,32.50660
2016-01-28,32.38490
2016-01-27,32.37670
2016-01-25,32.34290
2016-01-22,32.17950
2016-01-21,31.41280
2016-01-20,31.36990
2016-01-19,31.94170
2016-01-18,31.67020
2016-01-15,32.83790
2016-01-14,33.63420
2016-01-13,33.91980
2016-01-12,34.51430
2016-01-11,35.11810
2016-01-08,35.15480
2016-01-07,34.60330
2016-01-06,35.57220
2016-01-05,35.95440
2016-01-04,35.74240
2016-01-01,36.03910
2015-12-31,35.71920
2015-12-30,35.41890
2015-12-29,35.12310
2015-12-28,34.96750
2015-12-24,34.69240
2015-12-23,34.46280
2015-12-22,34.21950
2015-12-21,34.16700
2015-12-18,33.93210
2015-12-17,34.04630
2015-12-16,33.39130
2015-12-15,33.39620
2015-12-14,33.09790
2015-12-11,33.06820
2015-12-10,33.24740
2015-12-09,32.87100
2015-12-08,33.29440
2015-12-07,33.66030
2015-12-04,33.69400
2015-12-03,33.79750
2015-12-02,33.83270
2015-12-01,33.51860
2015-11-30,33.51970
2015-11-27,33.55680
2015-11-26,33.42750
2015-11-24,33.49780
2015-11-23,33.63070
2015-11-20,33.48420
2015-11-19,33.26480
2015-11-18,32.78620
2015-11-17,33.14200
2015-11-16,32.83990
2015-11-13,32.89940
2015-11-10,32.87830
2015-11-09,33.08260
2015-11-06,32.68370
2015-11-05,32.93800
2015-11-04,33.26050
2015-11-03,33.32800
2015-11-02,32.94900
2015-10-30,33.18140
2015-10-29,33.23730
2015-10-28,33.33720
2015-10-27,33.40530
2015-10-26,33.26410
2015-10-23,33.52740
2015-10-21,33.62670
2015-10-20,33.56050
2015-10-19,33.31660
2015-10-16,33.10720
2015-10-15,33.07440
2015-10-14,32.85100
2015-10-13,32.83690
2015-10-12,32.77410
2015-10-09,32.85090
2015-10-08,32.78700
2015-10-07,32.64580
2015-10-06,32.49710
2015-10-05,32.48910
2015-10-01,32.03030
2015-09-30,31.94490
2015-09-29,31.55250
2015-09-28,31.61270
2015-09-24,31.60040
2015-09-23,31.69560
2015-09-22,31.60140
2015-09-21,31.87950
2015-09-18,31.74350
2015-09-16,31.41220
2015-09-15,31.51740
2015-09-14,31.63800
2015-09-11,31.37470
2015-09-10,31.24590
2015-09-09,31.16850
2015-09-08,30.80880
2015-09-07,30.88240
2015-09-04,31.27910
2015-09-03,31.55720
2015-09-02,31.35710
2015-09-01,31.40280
2015-08-31,31.97570
2015-08-28,32.07680
2015-08-27,32.19930
2015-08-26,31.24560
2015-08-25,31.18130
2015-08-24,31.24260
2015-08-21,33.13770
2015-08-20,33.22210
2015-08-19,33.85430
2015-08-18,33.63830
2015-08-17,33.32630
2015-08-14,33.15470
2015-08-13,32.69310
2015-08-12,32.79840
2015-08-11,33.32910
2015-08-10,33.75750
2015-08-07,33.73080
2015-08-06,33.72450
2015-08-05,34.11800
2015-08-04,34.13170
2015-08-03,33.88400
2015-07-31,33.68610
2015-07-30,33.20220
2015-07-29,33.13650
2015-07-28,33.03270
2015-07-27,33.16250
2015-07-24,33.19760
2015-07-23,33.51740
2015-07-22,33.19680
2015-07-21,33.02640
2015-07-20,33.52030
2015-07-17,33.37240
2015-07-16,33.35700
2015-07-15,33.00810
2015-07-14,32.77850
2015-07-13,32.90100
2015-07-10,32.84670
2015-07-09,32.73450
2015-07-08,32.70310
2015-07-07,32.87750
2015-07-06,32.45650
2015-07-03,31.77340
2015-07-02,31.55810
2015-07-01,31.45030
2015-06-30,31.14560
2015-06-29,30.64790
2015-06-26,31.02940
2015-06-25,31.06070
2015-06-24,30.99980
2015-06-23,30.89370
2015-06-22,30.74910
2015-06-19,30.57010
2015-06-18,30.46890
2015-06-17,30.02020
2015-06-16,29.49700
2015-06-15,29.50410
2015-06-12,29.27460
2015-06-11,29.19220
2015-06-10,29.62280
2015-06-09,29.20030
2015-06-08,29.39790
2015-06-05,29.70330
2015-06-04,29.44090
2015-06-03,29.53730
2015-06-02,29.88510
2015-06-01,30.30290
2015-05-29,30.52610
2015-05-28,30.35660
2015-05-27,30.34060
2015-05-26,30.54930
2015-05-25,30.68100
2015-05-22,30.89540
2015-05-21,30.87160
2015-05-20,30.92950
2015-05-19,31.00880
2015-05-18,31.15860
2015-05-15,31.09650
2015-05-14,30.54630
2015-05-13,30.45110
2015-05-12,30.18220
2015-05-11,30.64520
2015-05-08,29.88400
2015-05-07,29.44680
2015-05-06,30.03120
2015-05-05,30.69320
2015-05-04,30.60680
2015-04-30,30.15250
2015-04-29,30.15210
2015-04-28,29.75290
2015-04-27,29.67400
2015-04-24,30.24160
2015-04-23,30.96620
2015-04-22,31.04680
2015-04-21,31.02670
2015-04-20,31.07960
2015-04-17,31.79800
2015-04-16,31.91680
2015-04-15,31.87260
2015-04-13,31.73640
2015-04-10,31.32920
2015-04-09,31.24330
2015-04-08,30.81060
2015-04-07,30.29530
2015-04-06,30.15840
2015-04-01,29.79490
2015-03-31,29.33470
2015-03-30,29.26270
2015-03-27,28.54730
2015-03-26,28.42670
2015-03-25,28.83660
2015-03-24,28.82950
2015-03-23,28.91100
2015-03-20,29.39200
2015-03-19,29.81920
2015-03-18,30.01430
2015-03-17,30.05790
2015-03-16,30.17900
2015-03-13,30.25990
2015-03-12,30.68600
2015-03-11,30.43750
2015-03-10,30.37250
2015-03-09,30.43170
2015-03-05,30.64280
2015-03-04,30.63490
2015-03-03,30.80450
2015-03-02,30.52160
2015-02-27,30.22620
2015-02-26,29.95070
2015-02-25,30.10890
2015-02-24,30.21750
2015-02-23,30.32220
2015-02-20,30.68690
2015-02-19,30.61780
2015-02-18,30.68680
2015-02-16,30.53440
2015-02-13,30.28440
2015-02-12,30.26110
2015-02-11,29.90830
2015-02-10,29.57820
2015-02-09,29.39700
2015-02-06,29.73770
2015-02-05,30.26140
2015-02-04,30.67310
2015-02-03,30.77450
2015-02-02,30.61450
2015-01-30,30.59360
2015-01-29,30.74970
2015-01-28,30.78980
2015-01-27,30.57240
2015-01-23,30.49270
2015-01-22,30.71230
2015-01-21,30.71400
2015-01-20,30.81840
2015-01-19,30.51720
2015-01-16,29.72930
2015-01-15,29.69910
2015-01-14,29.50280
2015-01-13,29.43880
2015-01-12,29.47130
2015-01-09,29.28340
2015-01-08,29.23250
2015-01-07,28.73450
2015-01-06,28.56600
2015-01-05,29.30310
2015-01-02,29.42530
2015-01-01,29.36710
2014-12-31,29.20840
2014-12-30,28.58760
2014-12-29,28.11630
2014-12-26,27.53860
2014-12-24,27.46950
2014-12-23,27.42620
2014-12-22,27.43900
2014-12-19,27.15560
2014-12-18,27.08530
2014-12-17,26.29360
2014-12-16,26.79100
2014-12-15,27.35270
2014-12-12,27.44340
2014-12-11,27.73900
2014-12-10,27.29010
2014-12-09,27.02660
2014-12-08,27.51530
2014-12-05,27.33590
2014-12-04,27.34200
2014-12-03,27.06970
2014-12-02,26.59280
2014-12-01,26.20930
2014-11-28,26.24020
2014-11-27,26.02160
2014-11-26,25.66180
2014-11-25,25.39110
2014-11-24,25.89600
2014-11-21,25.98910
2014-11-20,25.89230
2014-11-19,26.06410
2014-11-18,26.00280
2014-11-17,25.74000
2014-11-14,25.46940
2014-11-13,25.37320
2014-11-12,25.22550
2014-11-11,24.92000
2014-11-10,24.70950
2014-11-07,24.56700
2014-11-05,24.65930
2014-11-03,24.56470
2014-10-31,24.30310
2014-10-30,24.22670
2014-10-29,24.20920
2014-10-28,24.07750
2014-10-27,23.91150
2014-10-22,23.81850
2014-10-21,23.54000
2014-10-20,23.39130
2014-10-17,23.35190
2014-10-16,23.27630
2014-10-14,23.71470
2014-10-13,23.82320
2014-10-10,23.74070
2014-10-09,24.08140
2014-10-08,24.06090
2014-10-07,23.92340
2014-10-01,24.15970
2014-09-30,24.29820
2014-09-29,23.99320
2014-09-26,23.69120
2014-09-25,23.61130
2014-09-24,24.15310
2014-09-23,24.52350
2014-09-22,24.96880
2014-09-19,24.65370
2014-09-18,24.59740
2014-09-17,24.20510
2014-09-16,24.07160
2014-09-15,24.74890
2014-09-12,24.62480
2014-09-11,24.41000
2014-09-10,23.88620
2014-09-09,23.68530
2014-09-08,23.31000
2014-09-05,22.96240
2014-09-04,22.86610
2014-09-03,22.84200
2014-09-02,22.64760
2014-09-01,22.52920
2014-08-28,22.17090
2014-08-27,22.07520
2014-08-26,21.66810
2014-08-25,21.72990
2014-08-22,21.89800
2014-08-21,21.81250
2014-08-20,21.50990
2014-08-19,21.19640
2014-08-18,20.94370
2014-08-14,20.62680
2014-08-13,20.42270
2014-08-12,20.95230
2014-08-11,21.02940
2014-08-08,20.90510
2014-08-07,21.13660
2014-08-06,21.20680
2014-08-05,21.17920
2014-08-04,21.14230
2014-08-01,20.82740
2014-07-31,21.06520
2014-07-30,21.04910
2014-07-28,21.12460
2014-07-25,21.14890
2014-07-24,21.32160
2014-07-23,21.24000
2014-07-22,21.36300
2014-07-21,21.28000
2014-07-18,20.83160
2014-07-17,20.89950
2014-07-16,20.42480
2014-07-15,19.98540
2014-07-14,19.77980
2014-07-11,19.83920
2014-07-10,20.18810
2014-07-09,20.15670
2014-07-08,20.45150
2014-07-07,20.98740
2014-07-04,20.78870
2014-07-03,20.53900
2014-07-02,20.39940
2014-07-01,20.22370
2014-06-30,20.07050
2014-06-27,19.66900
2014-06-26,19.51890
2014-06-25,19.30560
2014-06-24,19.19910
2014-06-23,19.11470
2014-06-20,19.17020
2014-06-19,19.15410
2014-06-18,19.21670
2014-06-17,19.00150
2014-06-16,18.71740
2014-06-13,18.75450
2014-06-12,18.92650
2014-06-11,18.75360
2014-06-10,18.96110
2014-06-09,18.80950
2014-06-06,18.53950
2014-06-05,18.26380
2014-06-04,18.04060
2014-06-03,17.72810
2014-06-02,17.72840
2014-05-30,17.59990
2014-05-29,17.64110
2014-05-28,17.70140
2014-05-27,17.42440
2014-05-26,17.27220
2014-05-23,17.57990
2014-05-22,17.63360
2014-05-21,17.36180
2014-05-20,17.07560
2014-05-19,16.63750
2014-05-16,16.33540
2014-05-15,16.27420
2014-05-14,16.38680
2014-05-13,16.31800
2014-05-12,16.23600
2014-05-09,16.26650
2014-05-08,16.26010
2014-05-07,16.20310
2014-05-06,16.20260
2014-05-05,16.14660
2014-05-02,16.17840
2014-04-30,16.19400
2014-04-29,16.42390
2014-04-28,16.38570
2014-04-25,16.27140
2014-04-23,16.23620
2014-04-22,16.19170
2014-04-21,16.06100
2014-04-17,15.96810
2014-04-16,15.83410
2014-04-15,15.95900
2014-04-11,15.88050
2014-04-10,15.78320
2014-04-09,15.77210
2014-04-07,15.72380
2014-04-04,15.65540
2014-04-03,15.50160
2014-04-02,15.52610
2014-04-01,15.32360
2014-03-31,15.27610
2014-03-28,15.16980
2014-03-27,15.01600
2014-03-26,15.01720
2014-03-25,15.01700
2014-03-24,14.98330
2014-03-21,14.93890
2014-03-20,14.80450
2014-03-19,14.71180
2014-03-18,14.79610
2014-03-14,14.65270
2014-03-13,14.71210
2014-03-12,14.71750
2014-03-11,14.64490
2014-03-10,14.55760
2014-03-07,14.52750
2014-03-06,14.66780
2014-03-05,14.54480
2014-03-04,14.41660
2014-03-03,14.27530
2014-02-28,14.21020
2014-02-26,14.17330
2014-02-25,14.27040
2014-02-24,14.19050
2014-02-21,14.03700
2014-02-20,13.89130
2014-02-19,13.80100
2014-02-18,13.68010
2014-02-17,13.64230
2014-02-14,13.59480
2014-02-13,13.67800
2014-02-12,13.68740
2014-02-11,13.69830
2014-02-10,13.74020
2014-02-07,13.55520
2014-02-06,13.58830
2014-02-05,13.54310
2014-02-04,13.47170
2014-02-03,13.49950
2014-01-31,13.60590
2014-01-30,13.46610
2014-01-29,13.49770
2014-01-28,13.56780
2014-01-27,13.68290
2014-01-24,13.86880
2014-01-23,13.95370
2014-01-22,13.93020
2014-01-21,13.86590
2014-01-20,13.81440
2014-01-17,13.78410
2014-01-16,14.00420
2014-01-15,14.02090
2014-01-14,13.82490
2014-01-13,13.79090
2014-01-10,13.81430
2014-01-09,13.86440
2014-01-08,14.00810
2014-01-07,13.92140
2014-01-06,13.85680
2014-01-03,13.84940
2014-01-02,13.75530
2014-01-01,13.74180
2013-12-31,13.72770
2013-12-30,13.58620
2013-12-27,13.50240
2013-12-26,13.48110
2013-12-24,13.26830
2013-12-23,13.18860
2013-12-20,13.17760
2013-12-19,13.13920
2013-12-18,13.06720
2013-12-17,12.95690
2013-12-16,13.03450
2013-12-13,12.98910
2013-12-12,13.00210
2013-12-11,13.01290
2013-12-10,13.03250
2013-12-09,13.02820
2013-12-06,13.04390
2013-12-05,13.03190
2013-12-04,12.97990
2013-12-03,13.00480
2013-12-02,13.00120
2013-11-29,12.95090
2013-11-28,12.87730
2013-11-27,12.83890
2013-11-26,12.85910
2013-11-25,12.85480
2013-11-22,12.77750
2013-11-21,12.79570
2013-11-20,12.95490
2013-11-19,13.10680
2013-11-18,13.08940
